{"stat.flyOneCm":6050,"stat.useItem.12":1,"stat.walkOneCm":46402,"stat.mineBlock.18":1,"stat.drop":17,"stat.jump":161,"stat.swimOneCm":1149,"stat.playOneMinute":5622,"achievement.openInventory":4,"stat.fallOneCm":5815,"stat.damageTaken":275,"stat.damageDealt":320,"stat.mineBlock.175":6,"stat.mineBlock.3":2,"stat.killEntity.Cow":1,"stat.mobKills":3,"stat.killEntity.Pig":1,"achievement.exploreAllBiomes":{"value":0,"progress":["River","Forest","Plains"]},"stat.mineBlock.31":39,"stat.mineBlock.12":1}