{"stat.useItem.295":1,"stat.walkOneCm":66984,"achievement.buildHoe":1,"achievement.openInventory":8,"stat.craftItem.5":8,"stat.craftItem.280":4,"stat.leaveGame":1,"stat.damageTaken":315,"stat.mineBlock.175":7,"stat.mineBlock.3":2,"stat.mobKills":3,"stat.flyOneCm":12134,"stat.craftItem.58":1,"stat.useItem.12":1,"stat.deaths":1,"stat.mineBlock.18":6,"stat.drop":26,"stat.mineBlock.17":2,"stat.jump":243,"stat.swimOneCm":1561,"stat.playOneMinute":8837,"stat.fallOneCm":7677,"stat.craftItem.290":1,"achievement.buildWorkBench":2,"stat.damageDealt":320,"achievement.mineWood":2,"stat.killEntity.Cow":1,"stat.useItem.290":6,"stat.killEntity.Pig":1,"achievement.exploreAllBiomes":{"value":0,"progress":["Beach","River","Forest","Plains"]},"stat.mineBlock.31":55,"stat.diveOneCm":641,"stat.useItem.58":1,"stat.mineBlock.12":1}