{"stat.useItem.274":44,"stat.useItem.273":7,"stat.useItem.65":17,"stat.useItem.275":75,"stat.mineBlock.48":21,"stat.walkOneCm":361552,"stat.useItem.355":1,"stat.playerKills":1,"stat.craftItem.65":15,"stat.mineBlock.175":2,"stat.mineBlock.58":3,"stat.mineBlock.13":4,"stat.mineBlock.16":17,"stat.mineBlock.18":9,"stat.mineBlock.17":41,"stat.jump":705,"stat.swimOneCm":2861,"stat.mineBlock.19":8,"stat.fallOneCm":15152,"stat.climbOneCm":30868,"achievement.buildWorkBench":4,"achievement.mineWood":37,"stat.mineBlock.50":3,"achievement.exploreAllBiomes":{"value":0,"progress":["Chaos","Sunflower Plains","Extreme Hills+","Roofed Forest","Extreme Hills M","River","Forest","Plains","Extreme Hills"]},"stat.useItem.258":67,"stat.useItem.257":32,"achievement.openInventory":62,"stat.craftItem.5":140,"stat.craftItem.280":56,"stat.damageTaken":9285,"stat.mineBlock.5":12,"stat.mineBlock.3":32,"stat.mineBlock.1":27,"stat.mobKills":28,"stat.mineBlock.65":3,"stat.useItem.48":7,"stat.craftItem.273":1,"stat.craftItem.274":3,"stat.craftItem.58":2,"stat.flyOneCm":92984,"stat.craftItem.275":2,"stat.deaths":12,"stat.useItem.267":55,"stat.drop":41,"stat.useItem.50":8,"achievement.buildPickaxe":10,"stat.playOneMinute":56027,"stat.useItem.4":4,"stat.useItem.5":68,"stat.craftItem.270":2,"stat.useItem.3":15,"stat.damageDealt":6115,"achievement.buildBetterPickaxe":6,"stat.useItem.270":17,"stat.useItem.58":4,"stat.mineBlock.31":38,"stat.diveOneCm":10873}