{"stat.useItem.274":44,"stat.useItem.275":69,"stat.walkOneCm":224466,"stat.useItem.355":1,"achievement.openInventory":38,"stat.craftItem.5":32,"stat.craftItem.280":20,"stat.damageTaken":4115,"stat.mineBlock.5":2,"stat.mineBlock.3":25,"stat.mineBlock.175":2,"stat.mineBlock.1":27,"stat.mobKills":12,"stat.mineBlock.58":2,"stat.mineBlock.13":4,"stat.flyOneCm":70898,"stat.craftItem.58":2,"stat.craftItem.274":3,"stat.mineBlock.16":17,"stat.craftItem.275":2,"stat.deaths":3,"stat.mineBlock.18":4,"stat.mineBlock.17":11,"stat.drop":37,"stat.jump":471,"achievement.buildPickaxe":10,"stat.swimOneCm":1930,"stat.playOneMinute":30966,"stat.fallOneCm":9814,"stat.useItem.4":1,"stat.useItem.5":1,"achievement.buildWorkBench":4,"stat.craftItem.270":2,"stat.useItem.3":15,"stat.damageDealt":1930,"achievement.buildBetterPickaxe":6,"achievement.mineWood":9,"achievement.exploreAllBiomes":{"value":0,"progress":["Chaos","Extreme Hills+","Roofed Forest","Extreme Hills M","River","Plains","Extreme Hills"]},"stat.useItem.270":11,"stat.useItem.58":2,"stat.mineBlock.31":10,"stat.diveOneCm":9193}