{"stat.useItem.274":44,"stat.useItem.273":7,"stat.useItem.65":16,"stat.useItem.275":75,"stat.mineBlock.48":7,"stat.walkOneCm":308836,"stat.useItem.355":1,"stat.craftItem.65":15,"stat.mineBlock.175":2,"stat.mineBlock.58":3,"stat.mineBlock.13":4,"stat.mineBlock.16":17,"stat.mineBlock.18":8,"stat.mineBlock.17":39,"stat.jump":576,"stat.swimOneCm":2503,"stat.fallOneCm":10927,"stat.climbOneCm":14518,"achievement.buildWorkBench":4,"achievement.mineWood":36,"achievement.exploreAllBiomes":{"value":0,"progress":["Chaos","Sunflower Plains","Extreme Hills+","Roofed Forest","Extreme Hills M","River","Forest","Plains","Extreme Hills"]},"stat.useItem.258":61,"stat.useItem.257":10,"achievement.openInventory":50,"stat.craftItem.5":116,"stat.craftItem.280":56,"stat.damageTaken":4570,"stat.mineBlock.5":8,"stat.mineBlock.3":32,"stat.mineBlock.1":27,"stat.mobKills":17,"stat.mineBlock.65":1,"stat.useItem.48":2,"stat.craftItem.273":1,"stat.craftItem.274":3,"stat.craftItem.58":2,"stat.flyOneCm":84438,"stat.craftItem.275":2,"stat.deaths":3,"stat.drop":38,"stat.useItem.50":1,"achievement.buildPickaxe":10,"stat.playOneMinute":43562,"stat.useItem.4":4,"stat.useItem.5":48,"stat.craftItem.270":2,"stat.useItem.3":15,"stat.damageDealt":2460,"achievement.buildBetterPickaxe":6,"stat.useItem.270":17,"stat.useItem.58":4,"stat.mineBlock.31":29,"stat.diveOneCm":9193}