{"stat.useItem.274":36,"stat.useItem.275":49,"stat.walkOneCm":114277,"achievement.openInventory":24,"stat.craftItem.5":32,"stat.craftItem.280":20,"stat.damageTaken":3685,"stat.mineBlock.3":25,"stat.mineBlock.1":27,"stat.mobKills":7,"stat.mineBlock.58":2,"stat.flyOneCm":55651,"stat.craftItem.58":2,"stat.craftItem.274":3,"stat.mineBlock.16":17,"stat.craftItem.275":2,"stat.deaths":3,"stat.mineBlock.18":4,"stat.mineBlock.17":11,"stat.drop":30,"stat.jump":220,"achievement.buildPickaxe":10,"stat.playOneMinute":19275,"stat.fallOneCm":4281,"achievement.buildWorkBench":4,"stat.craftItem.270":2,"stat.useItem.3":15,"stat.damageDealt":1095,"achievement.buildBetterPickaxe":6,"achievement.mineWood":9,"achievement.exploreAllBiomes":{"value":0,"progress":["Chaos","Plains","Extreme Hills"]},"stat.useItem.270":11,"stat.useItem.58":2,"stat.mineBlock.31":8}