{"stat.useItem.275":23,"stat.walkOneCm":34674,"achievement.openInventory":11,"stat.craftItem.5":12,"stat.craftItem.280":8,"stat.damageTaken":65,"stat.mineBlock.3":18,"stat.mineBlock.1":8,"stat.mobKills":1,"stat.mineBlock.58":1,"stat.flyOneCm":2568,"stat.craftItem.58":1,"stat.craftItem.274":1,"stat.craftItem.275":1,"stat.mineBlock.18":3,"stat.mineBlock.17":5,"stat.jump":104,"achievement.buildPickaxe":4,"stat.playOneMinute":6823,"stat.fallOneCm":1935,"achievement.buildWorkBench":2,"stat.craftItem.270":1,"stat.useItem.3":5,"stat.damageDealt":160,"achievement.buildBetterPickaxe":2,"achievement.mineWood":4,"achievement.exploreAllBiomes":{"value":0,"progress":["Chaos","Plains","Extreme Hills"]},"stat.useItem.270":8,"stat.useItem.58":1,"stat.mineBlock.31":3}