{"stat.flyOneCm":11408,"stat.deaths":3,"stat.walkOneCm":44245,"stat.drop":4,"stat.jump":171,"stat.swimOneCm":180,"stat.entityKilledBy.Spider":1,"stat.playOneMinute":8594,"achievement.openInventory":1,"stat.fallOneCm":4128,"stat.entityKilledBy.Skeleton":1,"stat.useItem.3":4,"stat.damageTaken":1605,"stat.damageDealt":425,"stat.mineBlock.3":31,"stat.mineBlock.175":4,"stat.mobKills":2,"stat.killEntity.Pig":2,"achievement.exploreAllBiomes":{"value":0,"progress":["Beach","River","Plains","Extreme Hills"]},"stat.mineBlock.31":44}