{"stat.leaveGame":1,"stat.mineBlock.86":1,"stat.mineBlock.13":1,"stat.mineBlock.16":4,"stat.mineBlock.18":15,"stat.mineBlock.17":10,"stat.swimOneCm":4544,"stat.jump":865,"stat.mineBlock.19":2,"stat.fallOneCm":31685,"stat.climbOneCm":5337,"achievement.buildWorkBench":2,"achievement.killCow":3,"achievement.exploreAllBiomes":{"value":0,"progress":["Chaos","Beach","Birch Forest","Extreme Hills M","River","Forest","Plains","Extreme Hills"]},"stat.entityKilledBy.Spider":1,"stat.craftItem.5":36,"stat.damageTaken":29805,"stat.mineBlock.5":2,"stat.mineBlock.3":37,"stat.mineBlock.1":4,"stat.flyOneCm":77067,"achievement.buildPickaxe":1,"stat.damageDealt":2220,"stat.killEntity.Pig":2,"stat.useItem.58":3,"stat.useItem.274":31,"stat.mineBlock.48":7,"stat.walkOneCm":252811,"stat.craftItem.268":2,"stat.mineBlock.175":4,"stat.mineBlock.58":1,"stat.entityKilledBy.Skeleton":1,"achievement.buildSword":2,"achievement.mineWood":10,"stat.mineBlock.54":1,"stat.breakItem.271":1,"achievement.openInventory":35,"stat.craftItem.280":12,"stat.mobKills":16,"stat.mineBlock.20":2,"achievement.killEnemy":7,"stat.craftItem.58":2,"stat.deaths":19,"stat.drop":31,"stat.useItem.268":15,"stat.playOneMinute":51546,"stat.killEntity.Sheep":1,"stat.useItem.5":10,"stat.craftItem.270":1,"stat.useItem.3":6,"stat.craftItem.271":1,"stat.useItem.270":7,"stat.useItem.13":2,"stat.mineBlock.31":65,"stat.diveOneCm":2456,"stat.useItem.271":19}