{"stat.useItem.274":5,"stat.walkOneCm":143900,"stat.entityKilledBy.Spider":1,"stat.craftItem.268":1,"achievement.openInventory":9,"stat.craftItem.5":36,"stat.craftItem.280":8,"stat.damageTaken":26060,"stat.mineBlock.3":37,"stat.mineBlock.175":4,"stat.mineBlock.1":4,"stat.mobKills":5,"stat.flyOneCm":63161,"stat.craftItem.58":2,"stat.mineBlock.16":4,"stat.deaths":12,"stat.mineBlock.18":14,"stat.drop":29,"stat.mineBlock.17":10,"stat.jump":472,"stat.swimOneCm":180,"achievement.buildPickaxe":1,"stat.useItem.268":4,"stat.playOneMinute":30966,"stat.fallOneCm":21519,"stat.entityKilledBy.Skeleton":1,"achievement.buildWorkBench":2,"stat.craftItem.270":1,"stat.useItem.3":6,"stat.damageDealt":770,"achievement.killCow":3,"achievement.buildSword":1,"achievement.mineWood":9,"stat.killEntity.Pig":2,"achievement.exploreAllBiomes":{"value":0,"progress":["Chaos","Beach","River","Plains","Extreme Hills"]},"stat.useItem.270":5,"stat.mineBlock.31":55,"stat.useItem.58":1}