{"stat.walkOneCm":80888,"stat.entityKilledBy.Spider":1,"stat.craftItem.268":1,"achievement.openInventory":4,"stat.craftItem.5":16,"stat.craftItem.280":4,"stat.damageTaken":18515,"stat.mineBlock.3":33,"stat.mineBlock.175":4,"stat.mobKills":4,"stat.flyOneCm":14357,"stat.craftItem.58":1,"stat.deaths":7,"stat.mineBlock.18":8,"stat.drop":15,"stat.mineBlock.17":5,"stat.jump":298,"stat.swimOneCm":180,"stat.useItem.268":4,"stat.playOneMinute":19885,"stat.fallOneCm":8388,"stat.entityKilledBy.Skeleton":1,"achievement.buildWorkBench":1,"stat.useItem.3":6,"stat.damageDealt":715,"achievement.killCow":2,"achievement.buildSword":1,"achievement.mineWood":4,"stat.killEntity.Pig":2,"achievement.exploreAllBiomes":{"value":0,"progress":["Chaos","Beach","River","Plains","Extreme Hills"]},"stat.mineBlock.31":50,"stat.useItem.58":1}