{"stat.useItem.274":11,"stat.walkOneCm":212496,"stat.craftItem.268":1,"stat.leaveGame":1,"stat.mineBlock.175":4,"stat.mineBlock.86":1,"stat.mineBlock.58":1,"stat.mineBlock.13":1,"stat.mineBlock.16":4,"stat.mineBlock.18":14,"stat.mineBlock.17":10,"stat.swimOneCm":4544,"stat.jump":711,"stat.fallOneCm":26478,"achievement.buildWorkBench":2,"stat.entityKilledBy.Skeleton":1,"achievement.killCow":3,"achievement.buildSword":1,"achievement.mineWood":9,"achievement.exploreAllBiomes":{"value":0,"progress":["Chaos","Beach","Extreme Hills M","River","Plains","Extreme Hills"]},"stat.mineBlock.54":1,"stat.entityKilledBy.Spider":1,"achievement.openInventory":15,"stat.craftItem.5":36,"stat.craftItem.280":8,"stat.damageTaken":26485,"stat.mineBlock.5":2,"stat.mineBlock.3":37,"stat.mineBlock.1":4,"stat.mobKills":8,"stat.mineBlock.20":2,"achievement.killEnemy":1,"stat.craftItem.58":2,"stat.flyOneCm":70764,"stat.deaths":12,"stat.drop":29,"achievement.buildPickaxe":1,"stat.useItem.268":4,"stat.playOneMinute":40132,"stat.killEntity.Sheep":1,"stat.craftItem.270":1,"stat.useItem.3":6,"stat.craftItem.271":1,"stat.damageDealt":1370,"stat.killEntity.Pig":2,"stat.useItem.270":5,"stat.mineBlock.31":57,"stat.useItem.58":2,"stat.diveOneCm":2456,"stat.useItem.271":17}